<?xml version="1.0" encoding="utf-8"?>
<!--/1182053/1767122/2.50/3/2/Switch/-->
<quadcept_library>
  <setting unit="mil" />
  <textstyle name="Default" height="47.244094488189" strokewidth="7.8740157480315" charwidth="47.244094488189" />
  <textstyle name="Dimension" height="19.6850393700787" strokewidth="0" charwidth="19.6850393700787" />
  <textstyle name="H127W0635TH00762" height="50" strokewidth="3" charwidth="25" />
  <textstyle name="H15W15TH02" height="59.0551181102362" strokewidth="7.8740157480315" charwidth="59.0551181102362" />
  <padstyle name="c248_h168" surface="False" plated="True" isvia="False" nopaste="True" nomask="True" complex="False" holesize="66.141732283464">
    <padshape layer="TOP" shape="round" width="97.637795275589" height="97.637795275589" />
    <padshape layer="TOP_SOLDER_MASK" shape="round" width="105.51181102362" height="105.51181102362" />
    <padshape layer="INNER" shape="round" width="97.637795275589" height="97.637795275589" />
    <padshape layer="BOTTOM" shape="round" width="97.637795275589" height="97.637795275589" />
    <padshape layer="BOTTOM_SOLDER_MASK" shape="round" width="105.51181102362" height="105.51181102362" />
  </padstyle>
  <footprint name="1000-SERIES(SPDT)" originx="0" originy="0" pickpointx="0" pickpointy="0">
    <pcbpin number="1" name="1" style="c248_h168" originx="0" originy="-185.03937007874" rotation="90" />
    <pcbpin number="2" name="2" style="c248_h168" originx="0" originy="0" rotation="90" />
    <pcbpin number="3" name="3" style="c248_h168" originx="0" originy="185.03937007874" rotation="90" />
    <line layer="TOP_ASSEMBLY" originx="-129.92125984252" originy="250" endx="129.92125984252" endy="250" width="9.9999999999999" />
    <line layer="TOP_ASSEMBLY" originx="129.92125984252" originy="250" endx="129.92125984252" endy="-250" width="9.9999999999999" />
    <line layer="TOP_ASSEMBLY" originx="129.92125984252" originy="-250" endx="-129.92125984252" endy="-250" width="9.9999999999999" />
    <line layer="TOP_ASSEMBLY" originx="-129.92125984252" originy="-250" endx="-129.92125984252" endy="250" width="9.9999999999999" />
    <line layer="TOP_SILKSCREEN" originx="-129.92125984252" originy="-250" endx="-129.92125984252" endy="250" width="9.9999999999999" />
    <line layer="TOP_SILKSCREEN" originx="-129.92125984252" originy="250" endx="129.92125984252" endy="250" width="9.9999999999999" />
    <line layer="TOP_SILKSCREEN" originx="129.92125984252" originy="250" endx="129.92125984252" endy="-250" width="9.9999999999999" />
    <line layer="TOP_SILKSCREEN" originx="129.92125984252" originy="-250" endx="-129.92125984252" endy="-250" width="9.9999999999999" />
    <arc layer="TOP_SILKSCREEN" originx="-4.2913385826771" originy="-303.70078740157" startangle="180" sweepangle="180" radius="6.4566929133857" width="9.9999999999999" />
    <arc layer="TOP_SILKSCREEN" originx="-4.2913385826771" originy="-303.70078740157" startangle="180" sweepangle="-180" radius="6.4566929133857" width="9.9999999999999" />
  </footprint>
  <symbol name="1101M2S3CQE2" originx="0" originy="0">
    <line originx="200" originy="100" endx="600" endy="100" width="0" />
    <line originx="600" originy="-300" endx="600" endy="100" width="0" />
    <line originx="600" originy="-300" endx="200" endy="-300" width="0" />
    <line originx="200" originy="100" endx="200" endy="-300" width="0" />
    <sympin number="1" originx="200" originy="-200" rotation="180" length="100" width="7.8740157480315" flipped="False">
      <text name="pinname" originx="230" originy="-200" style="Default" rotation="0" justify="left" flipped="False" hidden="False" data="1" />
      <text name="pindes" originx="140" originy="-180" style="Default" rotation="0" justify="lowerright" flipped="False" hidden="False" data="1" />
    </sympin>
    <sympin number="2" originx="200" originy="-100" rotation="180" length="100" width="7.8740157480315" flipped="False">
      <text name="pinname" originx="230" originy="-100" style="Default" rotation="0" justify="left" flipped="False" hidden="False" data="2" />
      <text name="pindes" originx="140" originy="-80" style="Default" rotation="0" justify="lowerright" flipped="False" hidden="False" data="2" />
    </sympin>
    <sympin number="3" originx="200" originy="0" rotation="180" length="100" width="7.8740157480315" flipped="False">
      <text name="pinname" originx="230" originy="0" style="Default" rotation="0" justify="left" flipped="False" hidden="False" data="3" />
      <text name="pindes" originx="140" originy="20" style="Default" rotation="0" justify="lowerright" flipped="False" hidden="False" data="3" />
    </sympin>
  </symbol>
  <component name="1101M2S3CQE2" designatorprefix="S" height="0" footprint="1000-SERIES(SPDT)">
    <comppin designator="1" sympin="1" pinswap="0" gateswap="0" gate="1" group="1" side="" type="Any" name="1" />
    <comppin designator="2" sympin="2" pinswap="0" gateswap="0" gate="1" group="1" side="" type="Any" name="2" />
    <comppin designator="3" sympin="3" pinswap="0" gateswap="0" gate="1" group="1" side="" type="Any" name="3" />
    <attached_symbol gate="1" name="1101M2S3CQE2" />
    <pinmap designator="1" footprintpin="1" />
    <pinmap designator="2" footprintpin="2" />
    <pinmap designator="3" footprintpin="3" />
    <text name="Datasheet" originx="0" originy="0" style="Default" rotation="0" justify="" flipped="False" hidden="True" data="https://www.ckswitches.com/media/1429/1000.pdf" />
    <text name="Description" originx="0" originy="0" style="Default" rotation="0" justify="" flipped="False" hidden="True" data="1101M2S3CQE2 (Slide Switches)" />
    <text name="Farnell Part Number" originx="0" originy="0" style="Default" rotation="0" justify="" flipped="False" hidden="True" data="" />
    <text name="Farnell Price/Stock" originx="0" originy="0" style="Default" rotation="0" justify="" flipped="False" hidden="True" data="" />
    <text name="Manufacturer_Name" originx="0" originy="0" style="Default" rotation="0" justify="" flipped="False" hidden="True" data="C &amp; K COMPONENTS" />
    <text name="Manufacturer_Part_Number" originx="650" originy="200" style="Default" rotation="0" justify="left" flipped="False" hidden="False" data="1101M2S3CQE2" />
  </component>
</quadcept_library>
